condition_reference,encounter_reference,patient_reference,clinical_case,condition_name,icd10_code,clinical_status,verification_status,onset_date,recorded_date
CON0001,ENC0001,PAT0001,CASE001,Essential Hypertension,I10,active,confirmed,2024-10-07,2024-10-07
CON0002,ENC0002,PAT0001,CASE001,Essential Hypertension,I10,active,confirmed,2026-06-06,2026-06-06
CON0003,ENC0003,PAT0001,CASE001,Essential Hypertension,I10,active,confirmed,2025-04-18,2025-04-18
CON0004,ENC0004,PAT0001,CASE002,Type 2 Diabetes Mellitus,E11,active,confirmed,2025-05-22,2025-05-22
CON0005,ENC0005,PAT0001,CASE001,Essential Hypertension,I10,active,confirmed,2025-01-21,2025-01-21
CON0006,ENC0006,PAT0002,CASE001,Essential Hypertension,I10,active,confirmed,2026-06-26,2026-06-26
CON0007,ENC0007,PAT0002,CASE001,Essential Hypertension,I10,active,confirmed,2025-11-25,2025-11-25
CON0008,ENC0008,PAT0002,CASE001,Essential Hypertension,I10,active,confirmed,2025-04-07,2025-04-07
CON0009,ENC0009,PAT0002,CASE001,Essential Hypertension,I10,active,confirmed,2024-11-14,2024-11-14
CON0010,ENC0010,PAT0003,CASE001,Essential Hypertension,I10,active,confirmed,2024-12-12,2024-12-12
CON0011,ENC0011,PAT0003,CASE002,Type 2 Diabetes Mellitus,E11,active,confirmed,2026-01-05,2026-01-05
CON0012,ENC0012,PAT0004,CASE001,Essential Hypertension,I10,active,confirmed,2024-12-25,2024-12-25
CON0013,ENC0013,PAT0004,CASE002,Type 2 Diabetes Mellitus,E11,active,confirmed,2024-09-18,2024-09-18
CON0014,ENC0014,PAT0004,CASE002,Type 2 Diabetes Mellitus,E11,active,confirmed,2026-07-15,2026-07-15
CON0015,ENC0015,PAT0005,CASE002,Type 2 Diabetes Mellitus,E11,active,confirmed,2024-10-15,2024-10-15
CON0016,ENC0016,PAT0005,CASE002,Type 2 Diabetes Mellitus,E11,active,confirmed,2026-01-28,2026-01-28
CON0017,ENC0017,PAT0005,CASE002,Type 2 Diabetes Mellitus,E11,active,confirmed,2025-04-07,2025-04-07
CON0018,ENC0018,PAT0005,CASE002,Type 2 Diabetes Mellitus,E11,active,confirmed,2025-11-18,2025-11-18
CON0019,ENC0019,PAT0005,CASE001,Essential Hypertension,I10,active,confirmed,2025-04-08,2025-04-08
CON0020,ENC0020,PAT0006,CASE002,Type 2 Diabetes Mellitus,E11,active,confirmed,2025-08-29,2025-08-29
CON0021,ENC0021,PAT0006,CASE002,Type 2 Diabetes Mellitus,E11,active,confirmed,2025-11-05,2025-11-05
CON0022,ENC0022,PAT0006,CASE001,Essential Hypertension,I10,active,confirmed,2025-02-13,2025-02-13
CON0023,ENC0023,PAT0006,CASE002,Type 2 Diabetes Mellitus,E11,active,confirmed,2025-03-14,2025-03-14
CON0024,ENC0024,PAT0006,CASE002,Type 2 Diabetes Mellitus,E11,active,confirmed,2025-04-25,2025-04-25
CON0025,ENC0025,PAT0007,CASE001,Essential Hypertension,I10,active,confirmed,2025-06-08,2025-06-08
CON0026,ENC0026,PAT0007,CASE002,Type 2 Diabetes Mellitus,E11,active,confirmed,2025-03-30,2025-03-30
CON0027,ENC0027,PAT0008,CASE002,Type 2 Diabetes Mellitus,E11,active,confirmed,2024-08-07,2024-08-07
CON0028,ENC0028,PAT0008,CASE002,Type 2 Diabetes Mellitus,E11,active,confirmed,2025-12-03,2025-12-03
CON0029,ENC0029,PAT0008,CASE002,Type 2 Diabetes Mellitus,E11,active,confirmed,2026-03-27,2026-03-27
CON0030,ENC0030,PAT0008,CASE001,Essential Hypertension,I10,active,confirmed,2025-12-18,2025-12-18
CON0031,ENC0031,PAT0009,CASE001,Essential Hypertension,I10,active,confirmed,2026-01-10,2026-01-10
CON0032,ENC0032,PAT0009,CASE001,Essential Hypertension,I10,active,confirmed,2025-09-21,2025-09-21
CON0033,ENC0033,PAT0009,CASE001,Essential Hypertension,I10,active,confirmed,2025-10-20,2025-10-20
CON0034,ENC0034,PAT0009,CASE002,Type 2 Diabetes Mellitus,E11,active,confirmed,2024-08-12,2024-08-12
CON0035,ENC0035,PAT0009,CASE001,Essential Hypertension,I10,active,confirmed,2026-07-15,2026-07-15
CON0036,ENC0036,PAT0010,CASE002,Type 2 Diabetes Mellitus,E11,active,confirmed,2025-08-13,2025-08-13
CON0037,ENC0037,PAT0010,CASE002,Type 2 Diabetes Mellitus,E11,active,confirmed,2026-04-02,2026-04-02
CON0038,ENC0038,PAT0010,CASE001,Essential Hypertension,I10,active,confirmed,2024-12-14,2024-12-14
CON0039,ENC0039,PAT0010,CASE001,Essential Hypertension,I10,active,confirmed,2026-02-25,2026-02-25
CON0040,ENC0040,PAT0011,CASE001,Essential Hypertension,I10,active,confirmed,2025-01-02,2025-01-02
CON0041,ENC0041,PAT0011,CASE002,Type 2 Diabetes Mellitus,E11,active,confirmed,2025-04-22,2025-04-22
CON0042,ENC0042,PAT0011,CASE002,Type 2 Diabetes Mellitus,E11,active,confirmed,2024-12-22,2024-12-22
CON0043,ENC0043,PAT0011,CASE001,Essential Hypertension,I10,active,confirmed,2025-12-27,2025-12-27
CON0044,ENC0044,PAT0012,CASE001,Essential Hypertension,I10,active,confirmed,2025-11-24,2025-11-24
CON0045,ENC0045,PAT0012,CASE001,Essential Hypertension,I10,active,confirmed,2026-07-25,2026-07-25
CON0046,ENC0046,PAT0012,CASE002,Type 2 Diabetes Mellitus,E11,active,confirmed,2026-06-24,2026-06-24
CON0047,ENC0047,PAT0013,CASE002,Type 2 Diabetes Mellitus,E11,active,confirmed,2026-05-16,2026-05-16
CON0048,ENC0048,PAT0013,CASE001,Essential Hypertension,I10,active,confirmed,2025-05-18,2025-05-18
CON0049,ENC0049,PAT0013,CASE001,Essential Hypertension,I10,active,confirmed,2025-10-28,2025-10-28
CON0050,ENC0050,PAT0013,CASE001,Essential Hypertension,I10,active,confirmed,2025-09-16,2025-09-16
CON0051,ENC0051,PAT0014,CASE002,Type 2 Diabetes Mellitus,E11,active,confirmed,2024-08-21,2024-08-21
CON0052,ENC0052,PAT0014,CASE002,Type 2 Diabetes Mellitus,E11,active,confirmed,2025-03-02,2025-03-02
CON0053,ENC0053,PAT0014,CASE001,Essential Hypertension,I10,active,confirmed,2024-11-22,2024-11-22
CON0054,ENC0054,PAT0014,CASE002,Type 2 Diabetes Mellitus,E11,active,confirmed,2026-07-01,2026-07-01
CON0055,ENC0055,PAT0015,CASE002,Type 2 Diabetes Mellitus,E11,active,confirmed,2024-12-14,2024-12-14
CON0056,ENC0056,PAT0015,CASE002,Type 2 Diabetes Mellitus,E11,active,confirmed,2025-10-16,2025-10-16
CON0057,ENC0057,PAT0015,CASE002,Type 2 Diabetes Mellitus,E11,active,confirmed,2026-04-25,2026-04-25
CON0058,ENC0058,PAT0016,CASE002,Type 2 Diabetes Mellitus,E11,active,confirmed,2024-09-09,2024-09-09
CON0059,ENC0059,PAT0016,CASE002,Type 2 Diabetes Mellitus,E11,active,confirmed,2024-08-16,2024-08-16
CON0060,ENC0060,PAT0016,CASE001,Essential Hypertension,I10,active,confirmed,2025-04-18,2025-04-18
CON0061,ENC0061,PAT0016,CASE002,Type 2 Diabetes Mellitus,E11,active,confirmed,2026-03-31,2026-03-31
CON0062,ENC0062,PAT0017,CASE002,Type 2 Diabetes Mellitus,E11,active,confirmed,2025-05-30,2025-05-30
CON0063,ENC0063,PAT0017,CASE002,Type 2 Diabetes Mellitus,E11,active,confirmed,2024-10-28,2024-10-28
CON0064,ENC0064,PAT0017,CASE001,Essential Hypertension,I10,active,confirmed,2025-12-31,2025-12-31
CON0065,ENC0065,PAT0017,CASE002,Type 2 Diabetes Mellitus,E11,active,confirmed,2025-05-05,2025-05-05
CON0066,ENC0066,PAT0017,CASE001,Essential Hypertension,I10,active,confirmed,2024-10-20,2024-10-20
CON0067,ENC0067,PAT0018,CASE002,Type 2 Diabetes Mellitus,E11,active,confirmed,2025-01-09,2025-01-09
CON0068,ENC0068,PAT0018,CASE001,Essential Hypertension,I10,active,confirmed,2025-12-09,2025-12-09
CON0069,ENC0069,PAT0018,CASE001,Essential Hypertension,I10,active,confirmed,2025-03-04,2025-03-04
CON0070,ENC0070,PAT0019,CASE002,Type 2 Diabetes Mellitus,E11,active,confirmed,2025-03-20,2025-03-20
CON0071,ENC0071,PAT0019,CASE001,Essential Hypertension,I10,active,confirmed,2025-06-30,2025-06-30
CON0072,ENC0072,PAT0019,CASE001,Essential Hypertension,I10,active,confirmed,2026-05-17,2026-05-17
CON0073,ENC0073,PAT0019,CASE002,Type 2 Diabetes Mellitus,E11,active,confirmed,2026-07-25,2026-07-25
CON0074,ENC0074,PAT0020,CASE001,Essential Hypertension,I10,active,confirmed,2025-04-26,2025-04-26
CON0075,ENC0075,PAT0020,CASE002,Type 2 Diabetes Mellitus,E11,active,confirmed,2025-01-08,2025-01-08
CON0076,ENC0076,PAT0020,CASE002,Type 2 Diabetes Mellitus,E11,active,confirmed,2025-09-01,2025-09-01
CON0077,ENC0077,PAT0020,CASE002,Type 2 Diabetes Mellitus,E11,active,confirmed,2025-11-30,2025-11-30
