encounter_reference,facility_encounter_number,hip_id,patient_reference,practitioner_reference,mr_number,encounter_datetime,encounter_type,visit_reason,chief_complaint,encounter_status,department_reference,clinical_case
ENC0001,AHC-2025-000001,IN3310002215,PAT9001,DOC0010,MR-AHC-000001,2025-08-08 08:54:17,OPD,Follow-up,Fever for 2 days,finished,DEP007,CASE038
ENC0002,AHC-2026-000002,IN3310002215,PAT9001,DOC0010,MR-AHC-000002,2026-07-01 08:54:17,OPD,Follow-up,Increased thirst and frequent urination,finished,DEP001,CASE002
ENC0003,PHS-2025-000001,IN3310002220,PAT9001,DOC0001,MR-PHS-000001,2025-11-30 09:54:17,OPD,Follow-up,Itchy dry skin patches,finished,DEP008,CASE043
ENC0004,AUC-2025-000001,IN2410002590,PAT9001,DOC0003,MR-AUC-000001,2025-12-21 04:54:17,OPD,Follow-up,Ear pain and irritability,finished,DEP007,CASE039
ENC0005,MSH-2024-000001,IN2410002587,PAT9001,DOC0004,MR-MSH-000001,2024-11-18 00:54:17,OPD,Follow-up,Exertional chest discomfort,finished,DEP002,CASE011
ENC0006,PHS-2026-000002,IN3310002220,PAT9002,DOC0006,MR-PHS-000002,2026-07-06 07:54:17,OPD,Follow-up,Loose stools and vomiting since yesterday,finished,DEP001,CASE006
ENC0007,AUC-2026-000002,IN2410002590,PAT9002,DOC0010,MR-AUC-000002,2026-01-10 10:54:17,OPD,Follow-up,Right upper abdominal pain after meals,finished,DEP014,CASE073
ENC0008,AHC-2024-000003,IN3310002215,PAT9003,DOC0010,MR-AHC-000003,2024-08-31 02:54:17,OPD,Follow-up,Recurrent one-sided headache with nausea,finished,DEP011,CASE056
ENC0009,AHC-2025-000004,IN3310002215,PAT9003,DOC0008,MR-AHC-000004,2025-08-11 03:54:17,OPD,Follow-up,Band-like headache,finished,DEP011,CASE057
ENC0010,AUC-2024-000003,IN2410002590,PAT9003,DOC0006,MR-AUC-000003,2024-10-07 06:54:17,OPD,Follow-up,Fever with body ache for 3 days,finished,DEP001,CASE003
ENC0011,AUC-2025-000004,IN2410002590,PAT9004,DOC0010,MR-AUC-000004,2025-07-27 01:54:17,OPD,Follow-up,Loose stools and vomiting since yesterday,finished,DEP001,CASE006
ENC0012,AUC-2025-000005,IN2410002590,PAT9004,DOC0004,MR-AUC-000005,2025-02-13 01:54:17,OPD,Follow-up,Routine antenatal check-up,finished,DEP006,CASE031
ENC9001AHC01,AHC-2025-000022,IN3310002215,PAT9001,DOC0001,MR-AHC-000022,2025-08-09 05:42:10,OPD,Follow-up,Headache and occasional dizziness,finished,DEP001,CASE001
ENC9001AHC02,AHC-2026-000023,IN3310002215,PAT9001,DOC0001,MR-AHC-000023,2026-04-11 14:42:10,OPD,Follow-up,Chronic cough with evening rise of fever and weight loss,finished,DEP003,CASE020
ENC9001AHC03,AHC-2026-000024,IN3310002215,PAT9001,DOC0008,MR-AHC-000024,2026-02-18 14:42:10,OPD,Follow-up,Wrist pain and deformity after a fall,finished,DEP005,CASE030
ENC9001AHC04,AHC-2026-000025,IN3310002215,PAT9001,DOC0010,MR-AHC-000025,2026-04-07 11:42:10,OPD,Follow-up,Due for scheduled vaccination,finished,DEP007,CASE040
ENC9001PHS01,PHS-2025-000019,IN3310002220,PAT9001,DOC0004,MR-PHS-000019,2025-12-01 12:42:10,OPD,Follow-up,Headache and occasional dizziness,finished,DEP001,CASE001
ENC9001PHS02,PHS-2025-000020,IN3310002220,PAT9001,DOC0009,MR-PHS-000020,2025-10-18 06:42:10,OPD,Follow-up,Chronic cough with evening rise of fever and weight loss,finished,DEP003,CASE020
ENC9001PHS03,PHS-2026-000021,IN3310002220,PAT9001,DOC0009,MR-PHS-000021,2026-04-04 03:42:10,OPD,Follow-up,Wrist pain and deformity after a fall,finished,DEP005,CASE030
ENC9001PHS04,PHS-2026-000022,IN3310002220,PAT9001,DOC0003,MR-PHS-000022,2026-01-10 12:42:10,OPD,Follow-up,Due for scheduled vaccination,finished,DEP007,CASE040
ENC9001MSH01,MSH-2026-000019,IN2410002587,PAT9001,DOC0005,MR-MSH-000019,2026-06-18 05:42:10,OPD,Follow-up,Headache and occasional dizziness,finished,DEP001,CASE001
ENC9001MSH02,MSH-2026-000020,IN2410002587,PAT9001,DOC0005,MR-MSH-000020,2026-02-06 09:42:10,OPD,Follow-up,Chronic cough with evening rise of fever and weight loss,finished,DEP003,CASE020
ENC9001MSH03,MSH-2025-000021,IN2410002587,PAT9001,DOC0001,MR-MSH-000021,2025-12-10 04:42:10,OPD,Follow-up,Wrist pain and deformity after a fall,finished,DEP005,CASE030
ENC9001MSH04,MSH-2025-000022,IN2410002587,PAT9001,DOC0001,MR-MSH-000022,2025-08-27 05:42:10,OPD,Follow-up,Due for scheduled vaccination,finished,DEP007,CASE040
ENC9001AUC01,AUC-2026-000033,IN2410002590,PAT9001,DOC0006,MR-AUC-000033,2026-07-06 09:42:10,OPD,Follow-up,Headache and occasional dizziness,finished,DEP001,CASE001
ENC9001AUC02,AUC-2026-000034,IN2410002590,PAT9001,DOC0004,MR-AUC-000034,2026-06-12 12:42:10,OPD,Follow-up,Chronic cough with evening rise of fever and weight loss,finished,DEP003,CASE020
ENC9001AUC03,AUC-2026-000035,IN2410002590,PAT9001,DOC0010,MR-AUC-000035,2026-05-01 07:42:10,OPD,Follow-up,Wrist pain and deformity after a fall,finished,DEP005,CASE030
ENC9001AUC04,AUC-2026-000036,IN2410002590,PAT9001,DOC0004,MR-AUC-000036,2026-05-27 09:42:10,OPD,Follow-up,Due for scheduled vaccination,finished,DEP007,CASE040
ENC9004AHC01,AHC-2025-000026,IN3310002215,PAT9004,DOC0001,MR-AHC-000026,2025-09-05 05:47:22,OPD,Follow-up,Headache and occasional dizziness,finished,DEP001,CASE001
ENC9004AHC02,AHC-2026-000027,IN3310002215,PAT9004,DOC0001,MR-AHC-000027,2026-05-08 14:47:22,OPD,Follow-up,Chronic cough with evening rise of fever and weight loss,finished,DEP003,CASE020
ENC9004AHC03,AHC-2026-000028,IN3310002215,PAT9004,DOC0008,MR-AHC-000028,2026-03-17 14:47:22,OPD,Follow-up,Wrist pain and deformity after a fall,finished,DEP005,CASE030
ENC9004AHC04,AHC-2026-000029,IN3310002215,PAT9004,DOC0010,MR-AHC-000029,2026-05-04 11:47:22,OPD,Follow-up,Due for scheduled vaccination,finished,DEP007,CASE040
ENC9004PHS01,PHS-2025-000023,IN3310002220,PAT9004,DOC0004,MR-PHS-000023,2025-12-28 12:47:22,OPD,Follow-up,Headache and occasional dizziness,finished,DEP001,CASE001
ENC9004PHS02,PHS-2025-000024,IN3310002220,PAT9004,DOC0009,MR-PHS-000024,2025-11-14 06:47:22,OPD,Follow-up,Chronic cough with evening rise of fever and weight loss,finished,DEP003,CASE020
ENC9004PHS03,PHS-2026-000025,IN3310002220,PAT9004,DOC0009,MR-PHS-000025,2026-05-01 03:47:22,OPD,Follow-up,Wrist pain and deformity after a fall,finished,DEP005,CASE030
ENC9004PHS04,PHS-2026-000026,IN3310002220,PAT9004,DOC0003,MR-PHS-000026,2026-02-06 12:47:22,OPD,Follow-up,Due for scheduled vaccination,finished,DEP007,CASE040
ENC9004MSH01,MSH-2026-000023,IN2410002587,PAT9004,DOC0005,MR-MSH-000023,2026-07-15 05:47:22,OPD,Follow-up,Headache and occasional dizziness,finished,DEP001,CASE001
ENC9004MSH02,MSH-2026-000024,IN2410002587,PAT9004,DOC0005,MR-MSH-000024,2026-03-05 09:47:22,OPD,Follow-up,Chronic cough with evening rise of fever and weight loss,finished,DEP003,CASE020
ENC9004MSH03,MSH-2026-000025,IN2410002587,PAT9004,DOC0001,MR-MSH-000025,2026-01-06 04:47:22,OPD,Follow-up,Wrist pain and deformity after a fall,finished,DEP005,CASE030
ENC9004MSH04,MSH-2025-000026,IN2410002587,PAT9004,DOC0001,MR-MSH-000026,2025-09-23 05:47:22,OPD,Follow-up,Due for scheduled vaccination,finished,DEP007,CASE040
ENC9004AUC01,AUC-2026-000037,IN2410002590,PAT9004,DOC0006,MR-AUC-000037,2026-08-02 09:47:22,OPD,Follow-up,Headache and occasional dizziness,finished,DEP001,CASE001
ENC9004AUC02,AUC-2026-000038,IN2410002590,PAT9004,DOC0004,MR-AUC-000038,2026-07-09 12:47:22,OPD,Follow-up,Chronic cough with evening rise of fever and weight loss,finished,DEP003,CASE020
ENC9004AUC03,AUC-2026-000039,IN2410002590,PAT9004,DOC0010,MR-AUC-000039,2026-05-28 07:47:22,OPD,Follow-up,Wrist pain and deformity after a fall,finished,DEP005,CASE030
ENC9004AUC04,AUC-2026-000040,IN2410002590,PAT9004,DOC0004,MR-AUC-000040,2026-06-23 09:47:22,OPD,Follow-up,Due for scheduled vaccination,finished,DEP007,CASE040
ENC9004AHC05,AHC-2026-000030,IN3310002215,PAT9004,DOC0001,MR-AHC-000030,2026-08-17 11:01:07,OPD,Follow-up,Breathlessness with long standing hypertension,finished,DEP002,CASE015
ENC9004PHS05,PHS-2025-000027,IN3310002220,PAT9004,DOC0004,MR-PHS-000027,2025-12-28 13:01:07,OPD,Follow-up,Fever with cough and breathlessness,finished,DEP003,CASE018
ENC9004AUC05,AUC-2026-000041,IN2410002590,PAT9004,DOC0010,MR-AUC-000041,2026-01-03 04:01:07,OPD,Follow-up,Recurrent wheeze and breathlessness,finished,DEP003,CASE016
ENC9004PHS06,PHS-2025-000028,IN3310002220,PAT9004,DOC0007,MR-PHS-000028,2025-09-30 10:01:07,OPD,Follow-up,Prolonged fever with abdominal discomfort,finished,DEP001,CASE005
ENC9004AUC06,AUC-2026-000042,IN2410002590,PAT9004,DOC0003,MR-AUC-000042,2026-08-06 06:01:07,OPD,Follow-up,Ankle pain and swelling after a fall,finished,DEP005,CASE029
ENC9004AHC06,AHC-2026-000031,IN3310002215,PAT9004,DOC0001,MR-AHC-000031,2026-03-13 04:01:07,OPD,Follow-up,Ankle pain and swelling after a fall,finished,DEP005,CASE029
ENC9004PHS07,PHS-2025-000029,IN3310002220,PAT9004,DOC0004,MR-PHS-000029,2025-12-02 09:01:07,OPD,Follow-up,Breathlessness on exertion and leg swelling,finished,DEP002,CASE012
ENC9004AUC07,AUC-2026-000043,IN2410002590,PAT9004,DOC0003,MR-AUC-000043,2026-01-09 13:01:07,OPD,Follow-up,Exertional chest discomfort,finished,DEP002,CASE011
ENC9004AUC08,AUC-2025-000044,IN2410002590,PAT9004,DOC0003,MR-AUC-000044,2025-11-25 15:01:07,OPD,Follow-up,Tingling and numbness in feet,finished,DEP011,CASE059
ENC9004AHC07,AHC-2026-000032,IN3310002215,PAT9004,DOC0004,MR-AHC-000032,2026-05-04 14:01:07,Emergency,Emergency Visit,Trauma following a road traffic accident,finished,DEP015,CASE076
ENC9004AUC09,AUC-2026-000045,IN2410002590,PAT9004,DOC0004,MR-AUC-000045,2026-02-09 16:01:07,OPD,Follow-up,Burning micturition,finished,DEP006,CASE035
ENC9004AUC10,AUC-2026-000046,IN2410002590,PAT9004,DOC0010,MR-AUC-000046,2026-02-15 12:01:07,OPD,Follow-up,Headache and occasional dizziness,finished,DEP001,CASE001
ENC9004MSH05,MSH-2025-000027,IN2410002587,PAT9004,DOC0005,MR-MSH-000027,2025-11-22 06:01:07,OPD,Follow-up,Routine antenatal check-up,finished,DEP006,CASE031
ENC9004PHS08,PHS-2026-000030,IN3310002220,PAT9004,DOC0001,MR-PHS-000030,2026-05-14 16:01:07,OPD,Follow-up,Breathlessness on exertion and leg swelling,finished,DEP002,CASE012
ENC9004MSH06,MSH-2025-000028,IN2410002587,PAT9004,DOC0006,MR-MSH-000028,2025-11-07 09:01:07,OPD,Follow-up,Fever with body ache for 3 days,finished,DEP001,CASE003
ENC9004PHS09,PHS-2025-000031,IN3310002220,PAT9004,DOC0004,MR-PHS-000031,2025-12-16 15:01:07,OPD,Follow-up,Fever with body ache for 3 days,finished,DEP001,CASE003
ENC9004AHC08,AHC-2025-000033,IN3310002215,PAT9004,DOC0004,MR-AHC-000033,2025-09-22 13:01:07,OPD,Follow-up,Facial acne for several months,finished,DEP008,CASE041
ENC9004AHC09,AHC-2025-000034,IN3310002215,PAT9004,DOC0008,MR-AHC-000034,2025-11-15 13:01:07,OPD,Follow-up,Right upper abdominal pain after meals,finished,DEP014,CASE073
ENC9004AHC10,AHC-2026-000035,IN3310002215,PAT9004,DOC0008,MR-AHC-000035,2026-01-31 06:01:07,OPD,Follow-up,Itchy dry skin patches,finished,DEP008,CASE043
ENC9004MSH07,MSH-2026-000029,IN2410002587,PAT9004,DOC0004,MR-MSH-000029,2026-05-21 06:01:07,OPD,Follow-up,Swelling in the groin on straining,finished,DEP014,CASE072
ENC9005AHC01,AHC-2025-000036,IN3310002215,PAT9005,DOC0001,MR-AHC-000036,2025-09-05 06:24:55,OPD,Follow-up,Headache and occasional dizziness,finished,DEP001,CASE001
ENC9005AHC02,AHC-2026-000037,IN3310002215,PAT9005,DOC0001,MR-AHC-000037,2026-05-08 15:24:55,OPD,Follow-up,Chronic cough with evening rise of fever and weight loss,finished,DEP003,CASE020
ENC9005AHC03,AHC-2026-000038,IN3310002215,PAT9005,DOC0008,MR-AHC-000038,2026-03-17 15:24:55,OPD,Follow-up,Wrist pain and deformity after a fall,finished,DEP005,CASE030
ENC9005AHC04,AHC-2026-000039,IN3310002215,PAT9005,DOC0010,MR-AHC-000039,2026-05-04 12:24:55,OPD,Follow-up,Due for scheduled vaccination,finished,DEP007,CASE040
ENC9005PHS01,PHS-2025-000032,IN3310002220,PAT9005,DOC0004,MR-PHS-000032,2025-12-28 13:24:55,OPD,Follow-up,Headache and occasional dizziness,finished,DEP001,CASE001
ENC9005PHS02,PHS-2025-000033,IN3310002220,PAT9005,DOC0009,MR-PHS-000033,2025-11-14 07:24:55,OPD,Follow-up,Chronic cough with evening rise of fever and weight loss,finished,DEP003,CASE020
ENC9005PHS03,PHS-2026-000034,IN3310002220,PAT9005,DOC0009,MR-PHS-000034,2026-05-01 04:24:55,OPD,Follow-up,Wrist pain and deformity after a fall,finished,DEP005,CASE030
ENC9005PHS04,PHS-2026-000035,IN3310002220,PAT9005,DOC0003,MR-PHS-000035,2026-02-06 13:24:55,OPD,Follow-up,Due for scheduled vaccination,finished,DEP007,CASE040
ENC9005MSH01,MSH-2026-000030,IN2410002587,PAT9005,DOC0005,MR-MSH-000030,2026-07-15 06:24:55,OPD,Follow-up,Headache and occasional dizziness,finished,DEP001,CASE001
ENC9005MSH02,MSH-2026-000031,IN2410002587,PAT9005,DOC0005,MR-MSH-000031,2026-03-05 10:24:55,OPD,Follow-up,Chronic cough with evening rise of fever and weight loss,finished,DEP003,CASE020
ENC9005MSH03,MSH-2026-000032,IN2410002587,PAT9005,DOC0001,MR-MSH-000032,2026-01-06 05:24:55,OPD,Follow-up,Wrist pain and deformity after a fall,finished,DEP005,CASE030
ENC9005MSH04,MSH-2025-000033,IN2410002587,PAT9005,DOC0001,MR-MSH-000033,2025-09-23 06:24:55,OPD,Follow-up,Due for scheduled vaccination,finished,DEP007,CASE040
ENC9005AUC01,AUC-2026-000047,IN2410002590,PAT9005,DOC0006,MR-AUC-000047,2026-08-02 10:24:55,OPD,Follow-up,Headache and occasional dizziness,finished,DEP001,CASE001
ENC9005AUC02,AUC-2026-000048,IN2410002590,PAT9005,DOC0004,MR-AUC-000048,2026-07-09 13:24:55,OPD,Follow-up,Chronic cough with evening rise of fever and weight loss,finished,DEP003,CASE020
ENC9005AUC03,AUC-2026-000049,IN2410002590,PAT9005,DOC0010,MR-AUC-000049,2026-05-28 08:24:55,OPD,Follow-up,Wrist pain and deformity after a fall,finished,DEP005,CASE030
ENC9005AUC04,AUC-2026-000050,IN2410002590,PAT9005,DOC0004,MR-AUC-000050,2026-06-23 10:24:55,OPD,Follow-up,Due for scheduled vaccination,finished,DEP007,CASE040
ENC9002AHC01,AHC-2025-000040,IN3310002215,PAT9002,DOC0001,MR-AHC-000040,2025-09-08 05:17:05,OPD,Follow-up,Headache and occasional dizziness,finished,DEP001,CASE001
ENC9002AHC02,AHC-2026-000041,IN3310002215,PAT9002,DOC0001,MR-AHC-000041,2026-05-11 14:17:05,OPD,Follow-up,Chronic cough with evening rise of fever and weight loss,finished,DEP003,CASE020
ENC9002AHC03,AHC-2026-000042,IN3310002215,PAT9002,DOC0008,MR-AHC-000042,2026-03-20 14:17:05,OPD,Follow-up,Wrist pain and deformity after a fall,finished,DEP005,CASE030
ENC9002AHC04,AHC-2026-000043,IN3310002215,PAT9002,DOC0010,MR-AHC-000043,2026-05-07 11:17:05,OPD,Follow-up,Due for scheduled vaccination,finished,DEP007,CASE040
ENC9002PHS01,PHS-2025-000036,IN3310002220,PAT9002,DOC0004,MR-PHS-000036,2025-12-31 12:17:05,OPD,Follow-up,Headache and occasional dizziness,finished,DEP001,CASE001
ENC9002PHS02,PHS-2025-000037,IN3310002220,PAT9002,DOC0009,MR-PHS-000037,2025-11-17 06:17:05,OPD,Follow-up,Chronic cough with evening rise of fever and weight loss,finished,DEP003,CASE020
ENC9002PHS03,PHS-2026-000038,IN3310002220,PAT9002,DOC0009,MR-PHS-000038,2026-05-04 03:17:05,OPD,Follow-up,Wrist pain and deformity after a fall,finished,DEP005,CASE030
ENC9002PHS04,PHS-2026-000039,IN3310002220,PAT9002,DOC0003,MR-PHS-000039,2026-02-09 12:17:05,OPD,Follow-up,Due for scheduled vaccination,finished,DEP007,CASE040
ENC9002MSH01,MSH-2026-000034,IN2410002587,PAT9002,DOC0005,MR-MSH-000034,2026-07-18 05:17:05,OPD,Follow-up,Headache and occasional dizziness,finished,DEP001,CASE001
ENC9002MSH02,MSH-2026-000035,IN2410002587,PAT9002,DOC0005,MR-MSH-000035,2026-03-08 09:17:05,OPD,Follow-up,Chronic cough with evening rise of fever and weight loss,finished,DEP003,CASE020
ENC9002MSH03,MSH-2026-000036,IN2410002587,PAT9002,DOC0001,MR-MSH-000036,2026-01-09 04:17:05,OPD,Follow-up,Wrist pain and deformity after a fall,finished,DEP005,CASE030
ENC9002MSH04,MSH-2025-000037,IN2410002587,PAT9002,DOC0001,MR-MSH-000037,2025-09-26 05:17:05,OPD,Follow-up,Due for scheduled vaccination,finished,DEP007,CASE040
ENC9002AUC01,AUC-2026-000051,IN2410002590,PAT9002,DOC0006,MR-AUC-000051,2026-08-05 09:17:05,OPD,Follow-up,Headache and occasional dizziness,finished,DEP001,CASE001
ENC9002AUC02,AUC-2026-000052,IN2410002590,PAT9002,DOC0004,MR-AUC-000052,2026-07-12 12:17:05,OPD,Follow-up,Chronic cough with evening rise of fever and weight loss,finished,DEP003,CASE020
ENC9002AUC03,AUC-2026-000053,IN2410002590,PAT9002,DOC0010,MR-AUC-000053,2026-05-31 07:17:05,OPD,Follow-up,Wrist pain and deformity after a fall,finished,DEP005,CASE030
ENC9002AUC04,AUC-2026-000054,IN2410002590,PAT9002,DOC0004,MR-AUC-000054,2026-06-26 09:17:05,OPD,Follow-up,Due for scheduled vaccination,finished,DEP007,CASE040
