medication_request_reference,encounter_reference,patient_reference,medication_reference,generic_name,brand_name,strength,atc_code,dosage_form,route,frequency,duration_days,quantity,status,authored_on
MRQ0001,ENC0001,PAT9001,MED000001,Paracetamol,Crocin,500 mg,N02BE01,Tablet,Oral,Twice daily,5,10,active,2025-08-08 08:54:17
MRQ0002,ENC0002,PAT9001,MED000004,Metformin,Glycomet,500 mg,A10BA02,Tablet,Oral,Once daily,90,90,active,2026-07-01 08:54:17
MRQ0003,ENC0003,PAT9001,MED000010,Cetirizine,Cetzine,10 mg,R06AE07,Tablet,Oral,Once daily,30,30,active,2025-11-30 09:54:17
MRQ0004,ENC0003,PAT9001,MED000021,Clobetasol Propionate,Tenovate,0.05%,D07AD01,Cream,Topical,Apply twice daily,30,60,active,2025-11-30 09:54:17
MRQ0005,ENC0004,PAT9001,MED000009,Amoxicillin,Mox,500 mg,J01CA04,Capsule,Oral,Thrice daily,5,15,active,2025-12-21 04:54:17
MRQ0006,ENC0004,PAT9001,MED000001,Paracetamol,Crocin,500 mg,N02BE01,Tablet,Oral,Twice daily,7,14,active,2025-12-21 04:54:17
MRQ0007,ENC0005,PAT9001,MED000002,Amlodipine,Amlong,5 mg,C08CA01,Tablet,Oral,Once daily,30,30,active,2024-11-18 00:54:17
MRQ0008,ENC0006,PAT9002,MED000006,ORS,Electral,Standard,,Powder,Oral,As directed after each loose stool,5,,active,2026-07-06 07:54:17
MRQ0009,ENC0006,PAT9002,MED000008,Pantoprazole,Pantocid,40 mg,A02BC02,Tablet,Oral,Twice daily,5,10,active,2026-07-06 07:54:17
MRQ0010,ENC0007,PAT9002,MED000008,Pantoprazole,Pantocid,40 mg,A02BC02,Tablet,Oral,Once daily,30,30,active,2026-01-10 10:54:17
MRQ0011,ENC0008,PAT9003,MED000001,Paracetamol,Crocin,500 mg,N02BE01,Tablet,Oral,Once daily,30,30,active,2024-08-31 02:54:17
MRQ0012,ENC0009,PAT9003,MED000001,Paracetamol,Crocin,500 mg,N02BE01,Tablet,Oral,Twice daily,14,28,active,2025-08-11 03:54:17
MRQ0013,ENC0010,PAT9003,MED000001,Paracetamol,Crocin,500 mg,N02BE01,Tablet,Oral,Twice daily,7,14,active,2024-10-07 06:54:17
MRQ0014,ENC0011,PAT9004,MED000006,ORS,Electral,Standard,,Powder,Oral,As directed after each loose stool,5,,active,2025-07-27 01:54:17
MRQ0015,ENC0011,PAT9004,MED000008,Pantoprazole,Pantocid,40 mg,A02BC02,Tablet,Oral,Twice daily,5,10,active,2025-07-27 01:54:17
MRQ0016,ENC0012,PAT9004,MED000007,Iron + Folic Acid,IFA,100 mg,B03AD03,Tablet,Oral,Twice daily,14,28,active,2025-02-13 01:54:17
MRQ0084,ENC9001AHC01,PAT9001,MED000002,Amlodipine,Amlong,5 mg,C08CA01,Tablet,Oral,Once daily,30,30,active,2025-08-09 05:42:10
MRQ0085,ENC9001AHC01,PAT9001,MED000003,Telmisartan,Telma,40 mg,C09CA07,Tablet,Oral,Once daily,30,30,active,2025-08-09 05:42:10
MRQ0086,ENC9001AHC02,PAT9001,MED000020,Isoniazid + Rifampicin + Pyrazinamide + Ethambutol,Akurit-4,Standard,,Tablet,Oral,Twice daily,14,28,active,2026-04-11 14:42:10
MRQ0087,ENC9001AHC03,PAT9001,MED000001,Paracetamol,Crocin,500 mg,N02BE01,Tablet,Oral,Twice daily,14,28,active,2026-02-18 14:42:10
MRQ0088,ENC9001PHS01,PAT9001,MED000002,Amlodipine,Amlong,5 mg,C08CA01,Tablet,Oral,Once daily,30,30,active,2025-12-01 12:42:10
MRQ0089,ENC9001PHS01,PAT9001,MED000003,Telmisartan,Telma,40 mg,C09CA07,Tablet,Oral,Once daily,30,30,active,2025-12-01 12:42:10
MRQ0090,ENC9001PHS02,PAT9001,MED000020,Isoniazid + Rifampicin + Pyrazinamide + Ethambutol,Akurit-4,Standard,,Tablet,Oral,Twice daily,14,28,active,2025-10-18 06:42:10
MRQ0091,ENC9001PHS03,PAT9001,MED000001,Paracetamol,Crocin,500 mg,N02BE01,Tablet,Oral,Twice daily,14,28,active,2026-04-04 03:42:10
MRQ0092,ENC9001MSH01,PAT9001,MED000002,Amlodipine,Amlong,5 mg,C08CA01,Tablet,Oral,Once daily,30,30,active,2026-06-18 05:42:10
MRQ0093,ENC9001MSH01,PAT9001,MED000003,Telmisartan,Telma,40 mg,C09CA07,Tablet,Oral,Once daily,30,30,active,2026-06-18 05:42:10
MRQ0094,ENC9001MSH02,PAT9001,MED000020,Isoniazid + Rifampicin + Pyrazinamide + Ethambutol,Akurit-4,Standard,,Tablet,Oral,Twice daily,14,28,active,2026-02-06 09:42:10
MRQ0095,ENC9001MSH03,PAT9001,MED000001,Paracetamol,Crocin,500 mg,N02BE01,Tablet,Oral,Twice daily,14,28,active,2025-12-10 04:42:10
MRQ0096,ENC9001AUC01,PAT9001,MED000002,Amlodipine,Amlong,5 mg,C08CA01,Tablet,Oral,Once daily,30,30,active,2026-07-06 09:42:10
MRQ0097,ENC9001AUC01,PAT9001,MED000003,Telmisartan,Telma,40 mg,C09CA07,Tablet,Oral,Once daily,30,30,active,2026-07-06 09:42:10
MRQ0098,ENC9001AUC02,PAT9001,MED000020,Isoniazid + Rifampicin + Pyrazinamide + Ethambutol,Akurit-4,Standard,,Tablet,Oral,Twice daily,14,28,active,2026-06-12 12:42:10
MRQ0099,ENC9001AUC03,PAT9001,MED000001,Paracetamol,Crocin,500 mg,N02BE01,Tablet,Oral,Twice daily,14,28,active,2026-05-01 07:42:10
