patient_reference,abha_address,abha_number,full_name,gender,date_of_birth,mobile,email,blood_group
PAT0001,poojakapoor1@sbx,67-2982-5061-4681,Pooja Kapoor,Male,1981-01-19,9550700035,pooja.kapoor@gmail.com,AB+
PAT0002,snehajoshi2@sbx,79-3167-8744-4981,Sneha Joshi,Female,2011-07-07,9063480660,sneha.joshi@gmail.com,AB-
PAT0003,aayushjoshi3@sbx,34-4116-9786-8350,Aayush Joshi,Male,1987-03-09,9480880650,aayush.joshi@gmail.com,A-
PAT0004,rahulmehta4@sbx,62-8956-8886-4502,Rahul Mehta,Female,1963-03-13,9039726776,rahul.mehta@gmail.com,O-
PAT0005,adityajoshi5@sbx,47-4566-1958-9883,Aditya Joshi,Male,2007-06-02,9049505800,aditya.joshi@gmail.com,B-
PAT0006,ananyashah6@sbx,82-5033-1651-2343,Ananya Shah,Female,2002-10-19,9592723623,ananya.shah@gmail.com,A-
PAT0007,aaravrao7@sbx,89-2638-2200-9808,Aarav Rao,Male,1992-05-05,9988318769,aarav.rao@gmail.com,A+
PAT0008,kavyadesai8@sbx,94-2697-3200-5333,Kavya Desai,Male,1966-12-18,9122368529,kavya.desai@gmail.com,A+
PAT0009,ayaanmodi9@sbx,45-1722-1058-6464,Ayaan Modi,Male,2000-05-06,9754008958,ayaan.modi@gmail.com,B+
PAT0010,diyamehta10@sbx,15-6050-6974-1653,Diya Mehta,Female,1973-11-08,9635897921,diya.mehta@gmail.com,B+
PAT0011,diyapatel11@sbx,32-6442-7745-5065,Diya Patel,Female,1970-12-04,9304193882,diya.patel@gmail.com,B-
PAT0012,ananyatrivedi12@sbx,45-2137-5573-6753,Ananya Trivedi,Female,2003-09-11,9919192147,ananya.trivedi@gmail.com,AB-
PAT0013,diyasingh13@sbx,75-2894-7311-4114,Diya Singh,Female,1962-12-14,9095776306,diya.singh@gmail.com,AB-
PAT0014,riyatrivedi14@sbx,94-3041-5920-9308,Riya Trivedi,Female,2002-07-11,9421496963,riya.trivedi@gmail.com,A+
PAT0015,ishaandesai15@sbx,36-8043-6279-8618,Ishaan Desai,Female,1988-11-07,9579762660,ishaan.desai@gmail.com,B-
PAT0016,ishaanjoshi16@sbx,35-3414-1400-1757,Ishaan Joshi,Male,1990-10-28,9748573316,ishaan.joshi@gmail.com,A-
PAT0017,diyajoshi17@sbx,32-9486-8611-1822,Diya Joshi,Male,2014-02-15,9145537488,diya.joshi@gmail.com,O+
PAT0018,kavyarao18@sbx,30-8777-8373-5246,Kavya Rao,Male,2013-11-09,9756202235,kavya.rao@gmail.com,B+
PAT0019,adityajoshi19@sbx,59-3503-4505-2052,Aditya Joshi,Female,1986-06-18,9408379085,aditya.joshi@gmail.com,O-
PAT0020,aaravtrivedi20@sbx,48-7389-7865-9818,Aarav Trivedi,Male,1991-04-09,9403641416,aarav.trivedi@gmail.com,A+
